{
    "0": {
        "precision": 0.984936268829664,
        "recall": 0.9929906542056075,
        "f1-score": 0.9889470622454916,
        "support": 856.0
    },
    "1": {
        "precision": 0.9787985865724381,
        "recall": 0.9551724137931035,
        "f1-score": 0.9668411867364747,
        "support": 290.0
    },
    "accuracy": 0.9834205933682374,
    "macro avg": {
        "precision": 0.9818674277010511,
        "recall": 0.9740815339993555,
        "f1-score": 0.9778941244909831,
        "support": 1146.0
    },
    "weighted avg": {
        "precision": 0.9833831031624776,
        "recall": 0.9834205933682374,
        "f1-score": 0.98335307978684,
        "support": 1146.0
    }
}